City_ID,City,Lat,Lng,Max Temp,Humidity,Cloudiness,Wind Speed,Country,Date
0,port-aux-francais,-49.35,70.2167,34.65,90,93,37.11,TF,1720309975
1,college,64.8569,-147.8028,60.75,84,100,13.8,US,1720309976
2,inari,68.906,27.0288,55.96,78,99,11.3,FI,1720309977
3,hamilton,39.1834,-84.5333,83.03,58,71,8.01,US,1720309979
4,lautoka,-17.6167,177.4667,80.46,57,20,13.8,FJ,1720309980
5,thompson,55.7435,-97.8558,78.96,47,100,0.0,CA,1720309982
6,adamstown,-25.066,-130.1015,68.31,67,100,21.54,PN,1720309983
7,crane,31.3974,-102.3501,93.63,30,28,10.63,US,1720309985
8,port douglas,-16.4833,145.4667,74.23,78,85,17.52,AU,1720309986
9,east london,-33.0153,27.9116,59.18,31,75,10.47,ZA,1720309987
10,okahao,-17.885,15.0667,59.36,20,0,7.43,,1720309988
11,bredasdorp,-34.5322,20.0403,53.35,36,68,10.98,ZA,1720309989
12,longyearbyen,78.2186,15.6401,44.44,57,20,12.66,SJ,1720309991
13,boa vista,2.8197,-60.6733,82.38,78,75,3.44,BR,1720309992
14,port mathurin,-19.6833,63.4167,73.22,76,92,20.18,MU,1720309993
15,mejit,10.2753,170.8646,82.51,79,98,18.3,MH,1720309994
16,blackmans bay,-43.0167,147.3167,35.73,65,45,2.08,AU,1720309995
17,ihosy,-22.4,46.1167,53.24,69,0,3.24,MG,1720309997
18,papar,5.7333,115.9333,77.0,89,100,6.29,MY,1720309998
19,ribeira grande,38.5167,-28.7,70.77,82,5,3.0,PT,1720309999
20,keflavik,64.0049,-22.5624,55.31,54,0,19.57,IS,1720310000
21,richards bay,-28.783,32.0377,56.61,67,0,7.43,ZA,1720310001
22,labytnangi,66.6572,66.4183,56.1,77,38,2.15,RU,1720310003
23,port lincoln,-34.7333,135.8667,56.26,81,53,20.0,AU,1720310004
24,susuman,62.7833,148.1667,56.08,70,64,7.38,RU,1720310005
25,berezovyy,51.6667,135.7,57.42,94,100,6.15,RU,1720310006
26,papatowai,-46.5619,169.4708,48.88,79,89,21.03,NZ,1720310007
27,ilulissat,69.2167,-51.1,44.62,87,100,1.14,GL,1720310008
28,popondetta,-8.7537,148.2534,82.99,59,84,1.88,PG,1720310010
29,st. john's,47.5649,-52.7093,62.78,83,100,18.41,CA,1720309804
30,kapa'a,22.0752,-159.319,84.18,72,20,11.5,US,1720310012
31,egilsstadir,65.2653,-14.3948,40.91,87,100,10.36,IS,1720310013
32,ust-nera,64.5667,143.2,44.71,96,100,5.12,RU,1720310014
33,tiksi,71.6872,128.8694,40.98,79,68,7.23,RU,1720310016
34,punta arenas,-53.15,-70.9167,28.51,93,100,5.75,CL,1720310017
35,semnan,35.5729,53.3971,82.17,27,77,10.22,IR,1720310018
36,machina,13.1364,10.0492,82.18,63,68,17.76,NG,1720310019
37,puerto natales,-51.7236,-72.4875,24.31,90,98,2.33,CL,1720310020
38,yellowknife,62.456,-114.3525,68.52,49,75,12.66,CA,1720310021
39,jamestown,42.097,-79.2353,75.52,64,0,12.66,US,1720309760
40,edinburgh of the seven seas,-37.0676,-12.3116,50.18,76,100,26.93,SH,1720310024
41,la passe,45.5549,-0.8967,58.98,63,79,6.38,FR,1720310025
42,san borja,-14.8167,-66.85,71.53,68,6,4.34,BO,1720310026
43,bethel,41.3712,-73.414,82.89,84,75,10.36,US,1720310027
44,petropavlovsk-kamchatsky,53.0452,158.6483,61.39,77,75,2.24,RU,1720310028
45,olonkinbyen,70.9221,-8.7187,35.08,86,6,11.97,SJ,1720310030
46,ibi,38.6253,-0.5723,67.91,93,94,2.1,ES,1720310031
47,hawaiian paradise park,19.5933,-154.9731,81.91,67,75,6.91,US,1720310032
48,ta`u,-14.2336,-169.5144,80.74,77,39,5.79,AS,1720310033
49,sisimiut,66.9395,-53.6735,43.79,77,56,2.15,GL,1720310034
50,albany,42.6001,-73.9662,81.64,70,66,7.0,US,1720310036
51,mirny,62.5353,113.9611,64.31,62,93,6.35,RU,1720310037
52,tazacorte,28.629,-17.9293,69.15,96,75,13.8,ES,1720310038
53,grytviken,-54.2811,-36.5092,23.56,62,13,4.27,GS,1720310040
54,puerto ayora,-0.7393,-90.3518,71.55,90,30,9.89,EC,1720310042
55,el vigia,8.6219,-71.6506,77.97,86,100,1.43,VE,1720310043
56,wagar,16.1525,36.2032,89.38,44,100,17.02,SD,1720310045
57,klaksvik,62.2266,-6.589,47.32,85,100,20.83,FO,1720310046
58,arica,-18.475,-70.3042,62.83,77,100,8.05,CL,1720309773
59,waitangi,-43.9535,-176.5597,46.81,95,100,15.01,NZ,1720310048
60,haiku-pauwela,20.9219,-156.3051,82.42,67,40,28.77,US,1720310050
61,stanley,54.868,-1.6985,48.79,92,20,8.05,GB,1720310051
62,kant,27.8,79.8,78.93,92,100,15.39,IN,1720310052
63,badger,64.8,-147.5333,60.67,86,100,13.8,US,1720310053
64,constantia,44.1833,28.65,68.7,66,6,7.52,RO,1720310054
65,uturoa,-16.7333,-151.4333,79.63,76,5,17.13,PF,1720310057
66,west island,-12.1568,96.8225,82.38,78,75,14.97,CC,1720310058
67,raduzhny,62.0961,77.475,55.99,67,14,9.57,RU,1720310059
68,lihue,21.9789,-159.3672,83.44,64,20,11.5,US,1720309951
69,hermanus,-34.4187,19.2345,56.77,58,35,17.6,ZA,1720310061
70,saint-joseph,-21.3667,55.6167,64.78,72,4,4.21,RE,1720310063
71,floro,61.5996,5.0328,55.36,82,100,6.91,NO,1720310064
72,chibougamau,49.9168,-74.3659,74.82,35,0,4.61,CA,1720310065
73,belyy yar,53.6039,91.3903,64.29,88,0,2.24,RU,1720310066
74,nova sintra,14.8667,-24.7167,74.39,84,81,8.81,CV,1720310067
75,margaret river,-33.95,115.0667,59.63,73,79,22.5,AU,1720310069
76,poshekhon'ye,58.4993,39.1353,54.45,88,3,4.25,RU,1720310070
77,ushuaia,-54.8,-68.3,33.46,75,0,2.3,AR,1720310071
78,invercargill,-46.4,168.35,51.03,83,78,18.01,NZ,1720309806
79,monte azul paulista,-20.9072,-48.6414,68.54,39,3,4.85,BR,1720310073
80,pisco,-13.7,-76.2167,64.45,82,0,16.11,PE,1720310074
81,norrtalje,59.758,18.705,59.02,99,100,10.6,SE,1720310076
82,sao tome,0.3365,6.7273,77.04,83,75,13.8,ST,1720310077
83,port alfred,-33.5906,26.891,57.85,53,75,10.74,ZA,1720310078
84,trancas,-26.2314,-65.2803,45.68,57,0,3.04,AR,1720310079
85,holualoa,19.6228,-155.9522,78.64,76,40,11.5,US,1720310080
86,ljusdal,61.8288,16.0913,52.07,99,100,3.0,SE,1720310082
87,shache,38.4167,77.2406,72.5,28,56,7.25,CN,1720310083
88,ceerigaabo,10.6162,47.368,62.82,76,81,14.56,SO,1720310084
89,villa regina,-39.1,-67.0667,35.98,30,16,2.71,AR,1720310085
90,luena,-11.7833,19.9167,51.37,34,22,4.32,AO,1720310086
91,papao,-17.75,-149.55,83.88,80,11,20.4,PF,1720310088
92,bafata,12.1667,-14.75,76.84,92,100,6.93,GW,1720310089
93,lorengau,-2.0226,147.2712,81.72,84,100,10.04,PG,1720310090
94,ewo,-0.8725,14.8206,76.84,67,71,4.0,CG,1720310091
95,luanco,43.6152,-5.7934,60.03,85,83,3.0,ES,1720310092
96,ancud,-41.8697,-73.8203,44.67,88,79,3.74,CL,1720310093
97,sola,-13.8833,167.55,76.48,66,100,24.34,VU,1720310095
98,conception bay south,47.4999,-52.9981,62.55,87,100,10.16,CA,1720310096
99,grande prairie,55.1667,-118.8027,77.18,31,0,4.61,CA,1720310097
100,kisumu,-0.1022,34.7617,66.79,84,100,6.26,KE,1720310098
101,tolanaro,-25.0319,46.9987,62.67,94,20,4.61,MG,1720310099
102,jayapura,-2.5333,140.7,81.79,98,100,4.99,ID,1720310101
103,barranca,-10.75,-77.7667,64.26,86,96,9.19,PE,1720310102
104,iqaluit,63.7506,-68.5145,46.13,61,40,5.75,CA,1720310104
105,khandyga,62.6667,135.6,61.52,52,71,4.0,RU,1720310106
106,panruti,11.7667,79.55,82.13,72,100,4.05,IN,1720310107
107,timmins,48.4669,-81.3331,78.62,47,75,3.44,CA,1720310108
108,bambanglipuro,-7.95,110.2833,76.32,83,74,4.43,ID,1720310109
109,santiago de cao,-7.9589,-79.2392,66.33,82,75,10.36,PE,1720310110
110,wailua homesteads,22.0669,-159.378,81.39,67,20,11.5,US,1720310111
111,nagqu,31.5,92.0,45.68,80,100,4.14,CN,1720310113
112,island harbour,50.724,-1.2758,57.97,77,8,4.0,GB,1720310114
113,whitehorse,60.7161,-135.0538,72.37,38,75,12.66,CA,1720310115
114,pacific grove,36.6177,-121.9166,80.55,86,20,8.01,US,1720310116
115,dauphin,51.1494,-100.0502,69.94,68,0,8.05,CA,1720310117
116,qaqortoq,60.7167,-46.0333,39.63,98,100,4.76,GL,1720310119
117,dhaurahra,28.0,81.0833,75.97,97,100,22.97,IN,1720310120
118,dalandzadgad,43.5708,104.425,78.96,17,1,4.09,MN,1720310121
119,marka,1.7159,44.7717,77.0,80,34,18.59,SO,1720310122
120,askoy,60.4092,5.226,55.96,100,75,11.5,NO,1720310123
121,dapaong,10.8639,0.205,76.26,80,85,7.27,TG,1720310125
122,aitape,-3.1374,142.3475,79.41,85,100,2.35,PG,1720310126
123,faranah,10.0404,-10.7434,71.1,97,98,7.02,GN,1720310127
124,vylkove,45.4021,29.586,69.19,62,6,6.93,UA,1720310128
125,rocky mountain house,52.3668,-114.9188,73.51,31,78,5.75,CA,1720310129
126,isafjordur,66.0755,-23.124,44.64,67,75,2.98,IS,1720310131
127,dudinka,69.4058,86.1778,51.48,82,82,13.27,RU,1720310132
128,atafu village,-8.5421,-172.5159,83.05,71,78,5.97,TK,1720310133
129,arkhangel'sk,64.5401,40.5433,51.91,100,20,4.47,RU,1720310134
130,piriapolis,-34.8682,-55.2744,41.16,89,0,3.44,UY,1720310135
131,niquelandia,-14.4739,-48.4597,70.0,39,12,2.46,BR,1720310137
132,goundam,16.4145,-3.6708,88.38,43,38,18.75,ML,1720310138
133,padang,-0.9492,100.3543,75.25,80,92,5.21,ID,1720310139
134,kirakira,-10.4544,161.9205,79.41,83,100,9.75,SB,1720310140
135,kolonia town,6.964,158.206,87.8,74,75,5.75,FM,1720310141
136,namibe,-15.1961,12.1522,62.15,88,52,5.73,AO,1720310143
137,anadyr,64.75,177.4833,61.3,77,75,6.71,RU,1720309876
138,salekhard,66.53,66.6019,56.37,75,34,3.15,RU,1720310145
139,prince edward,44.0001,-77.2495,78.62,76,1,1.01,CA,1720310146
140,maintirano,-18.0667,44.0167,67.98,75,1,11.18,MG,1720310147
141,oskarshamn,57.2645,16.4484,61.99,95,100,11.92,SE,1720310148
142,mount isa,-20.7333,139.5,71.37,60,10,17.27,AU,1720310150
143,san luis de la loma,17.2706,-100.8939,84.24,73,20,8.59,MX,1720310151
144,kudahuvadhoo,2.6708,72.8944,83.05,74,100,3.42,MV,1720310152
145,luderitz,-26.6481,15.1594,55.36,93,8,16.69,,1720310153
146,ilhabela,-23.7781,-45.3581,67.8,91,52,7.07,BR,1720310154
147,gilleleje,56.122,12.3106,57.27,80,100,8.99,DK,1720310156
148,cooma,-36.2333,149.1333,45.84,71,4,2.62,AU,1720310157
149,palikir - national government center,6.9248,158.1611,86.74,74,75,5.75,FM,1720310158
150,constitucion,-35.3333,-72.4167,46.15,73,0,7.49,CL,1720310159
151,horta,38.5333,-28.6333,70.02,82,8,3.0,PT,1720310160
152,praia da vitoria,38.7333,-27.0667,73.65,88,40,9.01,PT,1720310162
153,bereznik,62.8551,42.7072,51.69,85,5,5.08,RU,1720310164
154,diapaga,12.0708,1.7889,77.43,81,37,6.87,BF,1720310165
155,ayr,55.4627,-4.6339,53.31,88,32,6.4,GB,1720310167
156,pakokku,21.3333,95.1,83.3,73,93,9.01,MM,1720310168
157,tsiombe,-25.3,45.4833,61.81,91,6,6.89,MG,1720310169
158,galliano,29.4422,-90.2992,90.0,70,40,0.0,US,1720310170
159,arraial do cabo,-22.9661,-42.0278,70.92,83,0,8.93,BR,1720310171
160,mount pearl,47.5166,-52.7813,61.95,84,100,18.41,CA,1720309926
161,revelstoke,50.9832,-118.2023,89.62,18,0,6.91,CA,1720310175
162,ariquemes,-9.9133,-63.0408,84.27,45,81,0.87,BR,1720310176
163,yunfu,22.9306,112.0373,83.03,80,0,1.81,CN,1720310177
164,bilibino,68.0546,166.4372,45.39,86,100,5.01,RU,1720310178
165,aral,40.5156,81.2636,75.54,41,0,6.22,CN,1720310181
166,kodiak,57.79,-152.4072,62.11,67,20,12.66,US,1720310182
167,avarua,-21.2078,-159.775,80.65,83,75,10.36,CK,1720310156
168,itaituba,-4.2761,-55.9836,77.85,57,8,2.15,BR,1720310184
169,burutu,5.3509,5.5076,77.67,88,81,6.4,NG,1720310185
170,yelizovo,53.1873,158.3805,62.74,77,75,2.24,RU,1720310186
171,sayansk,54.1088,102.1648,69.84,75,84,0.89,RU,1720310188
172,ad dabbah,18.05,30.95,89.98,16,3,5.06,SD,1720310189
173,kolyshley,52.7005,44.5367,61.9,84,5,16.98,RU,1720310190
174,saipan,15.1355,145.701,88.5,74,40,14.97,MP,1720310191
175,maloye ganyushkino,46.6,49.2667,81.77,30,19,3.02,KZ,1720310192
176,muang phon-hong,18.4928,102.4172,76.84,93,52,1.61,LA,1720310194
177,trinidad,-14.8333,-64.9,69.78,64,20,3.44,BO,1720310195
178,katsuura,35.1333,140.3,79.61,84,100,5.28,JP,1720310196
179,saudarkrokur,65.7461,-19.6394,39.49,92,88,6.62,IS,1720310197
180,great falls,47.5002,-111.3008,77.16,40,0,8.05,US,1720310198
181,agat village,13.3886,144.6585,88.36,77,20,14.97,GU,1720310200
182,ola,59.5833,151.2833,54.5,86,100,4.56,RU,1720310201
183,genhe,50.7833,121.5167,71.02,76,74,7.2,CN,1720310202
184,vila velha,-20.3297,-40.2925,75.15,83,40,6.91,BR,1720310128
185,kuanda,56.3161,116.0806,73.87,44,30,2.71,RU,1720310204
186,magadan,59.5667,150.8,53.47,89,100,3.58,RU,1720310206
187,filomeno mata,20.2,-97.7,79.66,79,73,2.68,MX,1720310207
188,chonchi,-42.6128,-73.8092,44.11,97,92,1.48,CL,1720310208
189,gelemso,8.8167,40.5167,63.03,82,100,6.87,ET,1720310209
190,pasuquin,18.3328,120.6177,80.55,89,20,5.75,PH,1720310210
191,es castell,39.8795,4.2854,72.28,94,75,13.8,ES,1720310211
192,meizhou,24.2977,116.1072,83.26,84,0,1.9,CN,1720310213
193,fort st. john,56.2499,-120.8529,76.89,33,0,6.91,CA,1720310214
194,hithadhoo,-0.6,73.0833,83.8,75,91,9.66,MV,1720310215
195,san antonio de pale,-1.4014,5.6325,73.6,87,69,11.88,GQ,1720310216
196,igarka,67.4667,86.5833,47.14,79,96,12.33,RU,1720310217
197,tabuk,17.4189,121.4443,81.48,75,22,4.47,PH,1720310219
198,corni,47.65,26.5833,63.39,89,86,5.82,RO,1720310220
199,vorgashor,67.5833,63.95,57.61,75,46,9.35,RU,1720310221
200,kourou,5.1552,-52.6478,78.85,85,99,5.66,GF,1720310222
201,conduaga,8.862,117.4893,81.41,82,86,3.51,PH,1720310223
202,vadso,70.0744,29.7487,55.56,76,75,1.14,NO,1720310225
203,acarau,-2.8856,-40.12,78.24,80,74,14.2,BR,1720310090
204,tanjung selor,2.8372,117.3642,77.83,91,86,1.19,ID,1720310228
205,male,4.1748,73.5089,84.15,79,75,5.75,MV,1720310229
206,hadibu,12.65,54.0333,78.98,83,45,19.33,YE,1720310230
207,la ronge,55.1001,-105.2842,79.05,36,75,14.97,CA,1720310232
208,waingapu,-9.6567,120.2641,77.14,70,86,11.27,ID,1720310233
209,yaren,-0.5472,166.916,81.57,78,100,9.84,NR,1720310234
210,galesong,-5.3166,119.3661,77.02,77,44,6.26,ID,1720310235
211,enriquillo,17.9,-71.2333,85.68,90,74,9.46,DO,1720310236
212,mazagao,-0.115,-51.2894,84.25,85,48,5.7,BR,1720310239
213,tazovsky,67.4667,78.7,43.63,80,87,14.99,RU,1720310240
214,kidal,18.4411,1.4078,96.08,23,18,16.71,ML,1720310241
215,nahiyat ash shinafiyah,31.5874,44.6602,91.96,16,1,11.68,IQ,1720310242
216,rongelap,11.1635,166.8941,83.32,79,36,17.2,MH,1720310243
217,chipata,-13.6333,32.65,55.71,33,0,5.35,ZM,1720310245
218,chui,-33.6971,-53.4616,40.17,81,28,3.47,UY,1720310246
219,lang suan,9.9456,99.0785,77.74,89,100,3.2,TH,1720310247
220,praia,14.9215,-23.5087,73.94,83,100,8.05,CV,1720310248
221,gejiu,23.306,103.1635,62.28,97,55,4.09,CN,1720310249
222,sanya,18.2431,109.505,80.76,94,40,4.47,CN,1720310251
223,baglung,28.2719,83.5898,67.8,99,100,2.13,NP,1720310252
224,novodvinsk,64.4165,40.8122,51.55,90,6,7.63,RU,1720310253
225,piti village,13.4626,144.6933,88.3,77,20,14.97,GU,1720310254
226,slave lake,55.2834,-114.769,73.38,46,20,18.41,CA,1720310255
227,dunedin,-45.8742,170.5036,51.8,69,100,21.99,NZ,1720310257
228,san patricio,28.017,-97.5169,93.29,53,47,13.78,US,1720310258
229,qamdo,31.1667,97.2333,51.8,65,95,3.62,CN,1720310259
230,port elizabeth,-33.918,25.5701,52.09,71,0,4.61,ZA,1720310260
231,nuku'alofa,-21.1333,-175.2,71.94,64,20,12.66,TO,1720310261
232,west end,26.6833,-78.9667,85.98,75,63,8.37,BS,1720310263
233,maputo,-25.9653,32.5892,53.28,87,0,2.3,MZ,1720310264
234,ha'il,27.5219,41.6907,86.02,17,0,2.3,SA,1720310265
235,katabu,-4.9333,122.5167,76.73,86,97,3.49,ID,1720310266
236,mananjary,-21.2167,48.3333,64.71,90,1,7.72,MG,1720310267
237,kavaratti,10.5669,72.642,82.13,84,100,15.03,IN,1720310268
238,quelimane,-17.8786,36.8883,67.95,88,0,3.53,MZ,1720310270
239,lospalos,-8.5186,127.0025,74.3,82,87,9.64,TL,1720310271
240,codrington,-38.2667,141.9667,47.12,70,0,7.38,AU,1720310272
241,kinablangan,7.6947,126.5503,81.99,69,77,1.88,PH,1720310273
242,puerto quijarro,-17.7833,-57.7667,72.43,46,10,3.62,BO,1720310274
243,sault ste. marie,46.5168,-84.3333,70.36,66,0,11.5,CA,1720310276
244,prince rupert,54.3161,-130.3201,60.89,74,0,16.11,CA,1720310277
245,fisterra,42.9049,-9.2629,54.01,74,12,10.36,ES,1720310278
246,sydney mines,46.2367,-60.2177,62.6,96,100,12.66,CA,1720310279
247,ataq,14.5377,46.8319,81.61,47,25,8.72,YE,1720310280
248,al hazm,16.1641,44.7769,83.28,30,43,9.57,YE,1720310282
249,cabo san lucas,22.8909,-109.9124,81.16,57,100,13.91,MX,1720310222
250,alotau,-10.3069,150.4462,79.05,77,68,7.25,PG,1720310284
251,jiangyou,31.7667,104.7167,76.6,92,100,1.99,CN,1720310285
252,jabat,7.75,168.9751,82.87,81,87,17.38,MH,1720310286
253,luwuk,-0.9516,122.7875,72.9,95,99,2.91,ID,1720310287
254,labrador city,52.9463,-66.9114,73.31,25,0,9.22,CA,1720310289
255,priozersk,61.0393,30.1291,56.95,90,62,6.2,RU,1720310290
256,buka,40.8108,69.1986,70.61,32,0,3.38,UZ,1720310291
257,kolondieba,11.0882,-6.8926,74.17,92,93,7.07,ML,1720310292
258,alibag,18.6411,72.8792,82.47,86,83,15.66,IN,1720310293
259,manali,13.1667,80.2667,84.29,86,100,1.99,IN,1720310296
260,shanhaiguan,39.9988,119.7564,80.26,56,94,6.4,CN,1720310297
261,markovo,57.3206,107.0881,71.28,45,65,2.66,RU,1720310298
262,colonia,50.9333,6.95,57.94,66,0,8.05,DE,1720310300
263,juan griego,11.0817,-63.9655,93.33,59,37,16.11,VE,1720310301
264,udachny,66.4167,112.4,63.07,84,100,9.08,RU,1720310302
265,camabatela,-8.1881,15.375,54.45,59,3,2.3,AO,1720310303
266,mount gambier,-37.8333,140.7667,46.36,69,0,8.41,AU,1720310304
267,placido de castro,-10.3353,-67.1856,75.6,84,99,2.06,BR,1720310305
268,kununurra,-15.7667,128.7333,66.18,59,71,3.44,AU,1720310307
269,vrangel',42.7297,133.0839,63.18,98,96,5.5,RU,1720310308
270,dokkum,53.3222,5.997,56.98,85,75,10.36,NL,1720310309
271,konosha,60.9736,40.257,49.84,85,6,4.85,RU,1720310310
272,faya-largeau,17.9257,19.1043,90.99,18,4,7.14,TD,1720310311
273,las tablas,7.7667,-80.2833,80.38,85,66,2.75,PA,1720310313
274,banjar,-8.19,114.9675,77.95,80,43,5.61,ID,1720310314
275,naberezhnyye chelny,55.7561,52.4289,70.68,97,50,8.48,RU,1720310315
276,coquimbo,-29.9533,-71.3436,51.53,87,100,4.61,CL,1720310316
277,bodaybo,57.8506,114.1933,68.22,57,29,2.37,RU,1720310317
278,malacatan,14.9,-92.05,80.08,98,95,4.05,GT,1720310319
279,yorkton,51.2167,-102.4677,64.24,68,100,14.97,CA,1720310312
280,nar'yan-mar,67.6713,53.087,66.72,89,100,11.52,RU,1720310321
281,huehuetenango,15.3197,-91.4708,65.01,94,40,0.0,GT,1720310322
282,kota belud,6.351,116.4305,79.52,84,62,2.33,MY,1720310323
283,carauari,-4.8828,-66.8958,78.35,77,24,2.35,BR,1720310325
284,saldanha,-33.0117,17.9442,57.25,87,83,27.58,ZA,1720310326
285,muisne,0.6,-80.0333,77.68,88,63,6.8,EC,1720310327
286,chichiriviche,10.9333,-68.2772,81.77,79,60,12.37,VE,1720310328
287,raja,8.4596,25.678,72.9,82,100,4.72,SS,1720310329
288,kachug,53.9606,105.8817,69.96,89,97,1.14,RU,1720310330
289,kerbakhiar,40.1067,46.0383,52.61,79,75,4.9,AZ,1720310332
290,forster,-32.1667,152.5167,59.29,83,79,9.1,AU,1720310333
291,sinabang,2.4803,96.3801,78.12,87,100,5.1,ID,1720310334
292,dame-marie,18.5667,-74.4167,81.93,75,100,3.36,HT,1720310335
293,chitungwiza,-18.0127,31.0756,51.46,22,0,5.79,ZW,1720310337
294,porlamar,10.958,-63.8491,93.29,59,37,16.11,VE,1720310338
295,harper,4.375,-7.7169,76.84,83,98,11.59,LR,1720310339
296,cacheu,12.2706,-16.1658,80.69,81,100,8.61,GW,1720310340
297,afaahiti,-17.75,-149.2833,82.27,80,65,19.86,PF,1720310342
298,don sak,9.3168,99.6918,82.29,83,97,8.48,TH,1720310344
299,iskateley,67.6803,53.1512,66.87,89,98,11.45,RU,1720310345
300,changling,44.2653,124.0005,74.84,79,100,11.95,CN,1720310347
301,tianpeng,30.9866,103.9393,77.47,93,100,5.28,CN,1720310348
302,weno,7.4515,151.8468,82.99,76,61,15.68,FM,1720310350
303,georgetown,5.4112,100.3354,80.53,83,20,3.44,MY,1720310351
304,actopan,20.2667,-98.9333,70.56,57,10,12.68,MX,1720310194
305,lebu,-37.6167,-73.65,46.89,83,5,10.63,CL,1720310353
306,san carlos de bariloche,-41.1456,-71.3082,33.55,75,20,6.91,AR,1720310354
307,nguru,12.8791,10.4526,81.45,63,92,15.21,NG,1720310355
308,moranbah,-22.0016,148.0466,60.87,82,99,18.77,AU,1720310357
309,urengoy,65.9667,78.3667,50.23,70,21,16.67,RU,1720310358
310,palanga,55.9175,21.0686,71.62,53,20,16.11,LT,1720310359
311,quechultenango,17.4167,-99.2167,77.74,81,35,4.88,MX,1720310360
312,arno,60.1167,18.6333,55.78,96,100,13.96,SE,1720310363
313,talnakh,69.4865,88.3972,52.9,77,53,6.4,RU,1720310364
314,hasaki,35.7333,140.8333,86.29,84,100,5.3,JP,1720310365
315,nogent-le-rotrou,48.3333,1.0,52.65,78,77,5.61,FR,1720310366
316,narok,-1.0783,35.8601,56.03,95,90,3.65,KE,1720310368
317,campo de la cruz,10.3781,-74.8836,82.17,76,70,11.01,CO,1720310369
318,malindi,-3.2175,40.1191,77.14,78,15,15.14,KE,1720310370
319,tura,25.5198,90.2201,75.47,98,100,4.65,IN,1720310371
320,chita,52.0333,113.55,66.09,68,82,6.71,RU,1720310372
321,regina,50.4501,-104.6178,76.98,48,75,13.8,CA,1720310374
322,utrik,11.2278,169.8474,82.71,77,34,17.09,MH,1720310375
323,callao,-12.0667,-77.15,67.71,77,75,16.11,PE,1720310376
324,brezina,33.0989,1.2608,79.99,37,26,23.44,DZ,1720310377
325,dakhla,23.6848,-15.958,65.5,90,0,22.48,EH,1720310378
326,tiruppuvanam,9.8333,78.2667,80.96,69,100,5.01,IN,1720310380
327,jinchang,38.4953,102.1739,64.51,65,60,9.44,CN,1720310381
328,rutland,43.6167,-73.0162,79.9,81,14,1.77,US,1720310382
329,hun,29.1268,15.9477,77.76,54,0,9.33,LY,1720310383
330,murun-kuren,49.6342,100.1625,62.1,74,10,1.16,MN,1720310384
331,jamaame,0.0697,42.745,75.99,77,29,13.4,SO,1720310386
332,mana,5.6592,-53.7767,78.04,90,97,9.84,GF,1720310387
333,balcarce,-37.8462,-58.2552,38.82,79,83,5.86,AR,1720310388
334,mpwapwa,-6.35,36.4833,59.11,87,10,4.32,TZ,1720310389
335,jijiga,9.35,42.8,64.51,81,97,15.64,ET,1720310390
336,baiyin,36.5583,104.2081,63.37,64,99,14.81,CN,1720310392
337,mogocha,53.7333,119.7667,72.23,38,0,2.64,RU,1720310393
338,ketchikan,55.3422,-131.6461,73.87,40,0,14.97,US,1720310196
339,silver city,32.7701,-108.2803,91.36,17,0,9.22,US,1720310358
340,lubao,14.9167,120.55,82.47,83,92,3.36,PH,1720310396
341,vilhena,-12.7406,-60.1458,77.22,57,0,4.61,BR,1720310397
342,kingston,17.997,-76.7936,83.35,89,75,18.41,JM,1720310399
343,bardai,11.65,7.2333,74.05,85,98,4.88,NG,1720310400
344,adam,22.3756,57.5233,86.56,26,99,2.19,OM,1720310401
345,alice springs,-23.7,133.8833,54.95,94,100,0.0,AU,1720310111
346,katsuren-haebaru,26.3369,127.8719,88.18,77,40,9.22,JP,1720310403
347,morrope,-6.5417,-80.0111,68.11,84,99,15.9,PE,1720310405
348,issoire,45.55,3.25,52.86,94,95,1.79,FR,1720310406
349,jaciara,-15.9653,-54.9683,74.84,34,50,2.26,BR,1720310408
350,envira,-7.3,-70.2167,74.32,93,51,0.65,BR,1720310409
351,arar,30.9753,41.0381,86.02,20,0,9.22,SA,1720310410
352,pyhajarvi,67.0701,27.2176,50.74,85,27,10.42,FI,1720310411
353,ust'-kut,56.7938,105.7672,73.81,44,33,1.5,RU,1720310413
354,farasan,16.7022,42.1183,88.07,84,77,16.15,SA,1720310414
355,atar,20.5169,-13.0499,90.0,37,39,5.57,MR,1720310416
356,minas de marcona,-15.2119,-75.1103,53.1,86,41,11.27,PE,1720310417
357,gunjur,13.2019,-16.7339,80.67,89,75,4.61,GM,1720310419
358,mazatlan,23.2167,-106.4167,86.92,73,68,5.01,MX,1720310353
359,fort mcmurray,56.7268,-111.381,74.79,46,75,10.36,CA,1720310403
360,bhayavadar,21.85,70.25,82.67,78,100,15.01,IN,1720310422
361,mata-utu,-13.2816,-176.1745,81.9,77,49,14.38,WF,1720310423
362,arrifes,37.7667,-25.7,68.25,83,20,4.61,PT,1720310425
363,aasiaat,68.7098,-52.8699,37.85,90,100,2.98,GL,1720310426
364,tansen,27.8673,83.5467,65.14,98,100,3.47,NP,1720310427
365,trincomalee,8.5711,81.2335,82.27,77,100,18.05,LK,1720310428
366,remire-montjoly,4.9167,-52.2667,78.84,94,0,0.0,GF,1720310429
367,gorontalo,0.5412,123.0595,76.89,94,82,1.92,ID,1720310431
368,ebon,4.582,168.6964,84.07,77,100,14.83,MH,1720310432
369,diamantino,-14.4086,-56.4461,75.24,37,22,4.65,BR,1720310433
370,crucecita,-28.95,-58.9833,45.01,59,43,8.93,AR,1720310434
371,porto novo,6.4965,2.6036,78.62,90,91,7.43,BJ,1720310435
372,palmer,42.1584,-72.3287,81.52,67,86,5.86,US,1720310437
373,dubbo,-32.25,148.6167,50.13,76,55,14.97,AU,1720310438
374,yarmouth,41.7057,-70.2286,74.97,94,100,12.66,US,1720310439
375,usinsk,65.9939,57.5281,66.15,63,35,11.92,RU,1720310440
376,zhangjiakou,40.81,114.8794,75.31,53,100,2.95,CN,1720310441
377,kamaishi,39.2667,141.8833,71.64,94,100,5.86,JP,1720310443
378,carnarvon,-24.8667,113.6333,64.0,88,96,7.67,AU,1720310444
379,parry sound,45.3501,-80.033,69.85,78,0,6.38,CA,1720310445
380,kaka,37.3482,59.6143,81.59,17,0,6.06,TM,1720310446
381,sao jose da coroa grande,-8.8978,-35.1478,75.97,87,59,11.86,BR,1720310447
382,darzab,35.9774,65.3783,64.53,32,0,2.1,AF,1720310448
383,nantucket,41.2835,-70.0995,73.99,93,96,21.72,US,1720310450
384,malvan,16.0667,73.4667,82.0,79,100,18.72,IN,1720310451
385,wotho,10.1657,166.0102,83.48,79,27,15.95,MH,1720310452
386,kunshan,31.3776,120.9543,91.29,62,80,7.18,CN,1720310453
387,leppavirta,62.4901,27.7826,50.22,89,70,7.87,FI,1720310454
388,alaghsas,17.0187,8.0168,89.35,36,86,10.78,NE,1720310456
389,forbes,-33.3833,148.0167,58.91,63,40,9.55,AU,1720310457
390,pinar del rio,22.4175,-83.6981,81.88,81,99,6.67,CU,1720310458
391,benjamin constant,-4.3831,-70.0311,84.33,74,75,12.66,BR,1720310459
392,kangding,30.0513,101.9603,67.14,87,100,1.86,CN,1720310460
393,hailey,43.5196,-114.3153,86.79,17,37,19.46,US,1720310462
394,dryden,49.7833,-92.7503,77.29,47,20,3.44,CA,1720310463
395,tobelo,1.7284,128.0095,81.9,76,79,1.52,ID,1720310464
396,tefe,-3.3542,-64.7114,82.51,83,20,0.0,BR,1720310465
397,tobati,-25.25,-57.0667,60.62,88,100,4.23,PY,1720310466
398,coahuayana de hidalgo,18.7,-103.6583,85.17,66,31,5.5,MX,1720310468
399,fale old settlement,-9.3852,-171.2468,83.53,70,58,5.73,TK,1720310469
400,cannonvale,-20.2833,148.7,69.58,72,22,20.49,AU,1720310470
401,nadi,-17.8,177.4167,80.6,57,20,13.8,FJ,1720310471
402,les cayes,18.2,-73.75,80.94,86,99,13.31,HT,1720310472
403,sao joao batista,-27.2761,-48.8494,54.03,93,100,0.25,BR,1720310474
404,novo aripuana,-5.1206,-60.3797,80.11,48,29,1.59,BR,1720310475
405,hanceville,34.0607,-86.7675,86.63,71,98,4.7,US,1720310476
406,fada,7.25,4.0667,73.49,98,100,2.48,NG,1720310477
407,akrehamn,59.2667,5.1833,55.65,88,75,17.27,NO,1720310478
408,laojunmiao,39.8333,97.7333,62.1,54,72,9.33,CN,1720310480
409,rancho palos verdes,33.7445,-118.387,84.45,78,52,5.01,US,1720310481
410,hobyo,5.3505,48.5268,76.73,79,99,25.59,SO,1720310482
411,kerema,-7.9631,145.7785,80.4,82,99,5.46,PG,1720310484
412,bondo,3.8146,23.6866,68.99,99,93,2.77,CD,1720310486
413,halifax,44.6453,-63.5724,64.69,92,100,16.11,CA,1720310401
414,kuressaare,58.2481,22.5039,64.94,82,59,16.11,EE,1720310488
415,aykhal,66.0,111.5,59.68,92,100,8.55,RU,1720310489
416,wanning,18.8003,110.3967,84.7,79,10,6.8,CN,1720310490
417,sayat,38.7839,63.8803,75.07,26,0,10.25,TM,1720310492
418,bom jesus,-9.0744,-44.3586,79.5,52,35,4.88,BR,1720310493
419,ciudad lazaro cardenas,17.9583,-102.2,84.25,68,9,11.41,MX,1720310494
420,newman,37.3138,-121.0208,111.02,5,0,3.2,US,1720310495
421,vila franca do campo,37.7167,-25.4333,70.21,99,36,5.28,PT,1720310496
422,mar del plata,-38.0023,-57.5575,44.1,79,20,3.44,AR,1720310497
423,sterling,39.0062,-77.4286,91.53,55,40,3.44,US,1720310499
424,shihezi,44.3,86.0333,70.3,61,24,3.94,CN,1720310500
425,zouerate,22.7187,-12.4521,92.82,19,3,13.47,MR,1720310501
426,mahibadhoo,3.7833,72.9667,82.94,74,100,7.31,MV,1720310502
427,seydi,39.4816,62.9137,81.36,37,0,11.14,TM,1720310504
428,inhambane,-23.865,35.3833,60.94,68,0,6.17,MZ,1720310505
429,rio grande,-32.035,-52.0986,44.71,73,100,7.63,BR,1720310506
430,long beach,33.767,-118.1892,89.17,70,0,8.05,US,1720310212
431,zhumysker,49.3333,49.4,80.04,42,10,6.2,KZ,1720310508
432,tuy hoa,13.0833,109.3,78.82,85,98,2.77,VN,1720310510
433,adrar,20.5022,-10.0711,91.99,26,90,4.38,MR,1720310511
434,bonthe,7.5264,-12.505,77.25,87,93,10.31,SL,1720310512
435,muroto-misakicho,33.2833,134.15,79.34,83,69,0.58,JP,1720310513
436,zeya,53.75,127.2667,74.41,48,1,5.75,RU,1720310514
437,souillac,-20.5167,57.5167,64.78,88,20,5.75,MU,1720310516
438,elliot lake,46.3834,-82.6331,72.25,70,40,3.91,CA,1720310252
439,barah,13.7,30.3667,81.27,52,72,15.55,SD,1720310518
440,babayevo,59.3936,35.9371,50.04,95,11,4.68,RU,1720310519
441,antsohihy,-14.8796,47.9875,66.09,81,0,3.04,MG,1720310520
442,maxixe,-23.8597,35.3472,59.9,68,0,5.53,MZ,1720310522
443,zahedan,29.4963,60.8629,76.91,25,3,4.61,IR,1720310523
444,manjeshvar,12.7,74.8833,76.39,85,100,8.95,IN,1720310524
445,plettenberg bay,-34.0527,23.3716,66.72,24,100,15.17,ZA,1720310525
446,nuuk,64.1835,-51.7216,43.88,87,58,18.99,GL,1720310527
447,rosetta,31.4044,30.4164,78.04,79,0,12.35,EG,1720310529
448,polyarnyy,69.1989,33.4478,52.93,89,100,15.03,RU,1720310310
449,akune,32.0167,130.2,81.73,88,10,7.49,JP,1720310531
450,srivardhan,18.0333,73.0167,80.85,87,95,11.95,IN,1720310533
451,sosnovo,60.5514,30.2144,54.52,78,62,7.05,RU,1720310535
452,merizo village,13.2658,144.6691,87.98,83,55,13.27,GU,1720310536
453,kievka,50.2619,71.5514,59.54,91,98,5.77,KZ,1720310537
454,paracuru,-3.41,-39.0306,81.1,81,95,10.04,BR,1720310538
455,korla,41.7597,86.1469,72.16,46,42,2.53,CN,1720310429
456,tual,-5.6667,132.75,79.23,87,91,21.36,ID,1720310540
457,vilyuchinsk,52.9306,158.4028,62.87,83,87,4.76,RU,1720310542
458,manakara,-22.1333,48.0167,63.09,92,2,5.55,MG,1720310543
459,pacocha,-17.5833,-71.3333,59.54,90,29,1.99,PE,1720310544
460,blair,41.5444,-96.125,73.62,69,0,5.75,US,1720310450
461,jawhar,2.7809,45.5005,74.34,81,89,12.48,SO,1720310546
462,jabor,5.921,169.6434,83.28,80,97,16.08,MH,1720310547
463,suonenjoki,62.6167,27.1333,50.16,89,61,6.96,FI,1720310549
464,boa viagem,-5.1275,-39.7322,75.22,79,65,6.58,BR,1720310550
465,mbanza kongo,-6.267,14.2401,61.72,97,78,2.73,AO,1720310551
466,huilong,31.8111,121.655,85.89,79,72,8.21,CN,1720310552
467,bamboo flat,11.7,92.7167,77.09,94,75,2.3,IN,1720310553
468,boguchany,58.3814,97.4531,74.23,59,13,0.49,RU,1720310555
469,lohne,52.6667,8.2333,57.18,77,24,5.01,DE,1720310556
470,okny,47.5404,29.46,63.39,49,21,8.08,UA,1720310557
471,benghazi,32.1167,20.0667,78.04,67,0,14.63,LY,1720310558
472,custodia,-8.0875,-37.6431,68.58,94,98,6.87,BR,1720310559
473,sao domingos do maranhao,-5.5758,-44.3853,79.03,49,47,2.33,BR,1720310561
474,cidade velha,14.9167,-23.6167,73.87,83,100,8.05,CV,1720310562
475,geraldton,-28.7667,114.6,59.41,88,75,10.36,AU,1720310563
476,balkanabat,39.5108,54.3671,90.28,18,0,7.2,TM,1720310564
477,ghanzi,-21.5667,21.7833,50.9,9,0,6.67,BW,1720310565
478,wad az zaki,14.4619,32.2065,86.32,53,100,21.03,SD,1720310567
479,margate,51.3813,1.3862,53.69,82,6,13.38,GB,1720310568
480,san andres,12.5847,-81.7006,82.42,83,75,3.44,CO,1720310569
481,ankazoabo,-22.2833,44.5167,55.08,78,0,4.12,MG,1720310570
482,bel ombre,-4.6167,55.4167,76.84,94,40,2.3,SC,1720310571
483,redkino,56.6475,36.2967,54.81,91,32,4.72,RU,1720310573
484,sainte-suzanne,-20.9061,55.6089,66.42,82,0,8.05,RE,1720310574
485,straubing,48.8833,12.5667,63.82,96,99,7.52,DE,1720310575
486,pulsano,40.3821,17.3564,77.52,74,0,9.37,IT,1720310577
487,karkira,36.9292,6.5856,73.24,83,91,6.85,DZ,1720310578
488,klyuchi,52.2667,79.1667,65.79,75,87,5.12,RU,1720310580
489,narman,40.3465,41.8703,56.28,100,100,4.59,TR,1720310581
490,praya,14.9215,-23.5087,73.94,83,100,8.05,CV,1720310582
491,changsha,28.2,112.9667,84.36,75,87,9.55,CN,1720310404
492,oltinko'l,40.8011,72.1634,81.43,26,44,5.48,UZ,1720310584
493,sergeyevka,53.88,67.4158,61.2,99,54,7.31,KZ,1720310586
494,turkeli,41.9476,34.3386,73.26,69,100,4.47,TR,1720310587
495,lompoc,34.6391,-120.4579,91.54,53,9,6.15,US,1720310588
496,puerto deseado,-47.7503,-65.8938,33.55,80,7,9.57,AR,1720310589
497,nerchinsk,51.9833,116.5833,72.45,71,69,5.61,RU,1720310590
498,bechar,31.6167,-2.2167,89.92,9,0,9.22,DZ,1720310592
499,queenstown,-31.8976,26.8753,42.42,29,84,6.98,ZA,1720310593
500,tadjourah,12.0,42.5,86.56,36,22,1.79,DJ,1720310594
501,slobodskoy,58.7322,50.1772,63.55,97,89,8.68,RU,1720310595
502,huittinen,61.1833,22.7,58.77,82,99,9.8,FI,1720310596
503,freetown,8.484,-13.2299,78.51,89,75,8.05,SL,1720310414
504,kavieng,-2.5744,150.7967,83.75,71,100,11.07,PG,1720310599
505,alakurtti,66.9672,30.3491,47.98,95,57,4.23,RU,1720310600
506,melfi,40.9965,15.6514,63.5,56,0,7.49,IT,1720310602
507,turpan,42.9333,89.1667,84.63,37,100,11.32,CN,1720310604
508,nemuro,43.3236,145.575,57.83,100,100,11.25,JP,1720310605
509,kiffa,16.6166,-11.4045,97.57,35,42,12.08,MR,1720310606
510,inderbor,48.55,51.7833,82.62,39,90,8.81,KZ,1720310607
511,la'ie,21.6477,-157.9253,86.0,69,59,1.99,US,1720310608
512,atvidaberg,58.2015,15.9977,59.59,97,100,10.76,SE,1720310610
513,peace river,56.2501,-117.286,79.11,44,75,9.22,CA,1720310407
514,vegreville,53.5001,-112.0518,77.7,46,70,17.27,CA,1720310356
515,argostolion,38.1811,20.489,73.4,75,0,5.84,GR,1720310613
516,castillos,-34.1667,-53.8333,38.98,81,25,3.09,UY,1720310614
517,farkhar,36.5729,69.8578,68.32,37,45,1.57,AF,1720310615
518,kathmandu,27.7167,85.3167,68.22,100,75,2.3,NP,1720310617
519,tarko-sale,64.9225,77.785,51.89,62,0,16.17,RU,1720310618
520,brindisi,40.5833,17.6667,76.5,75,0,6.38,IT,1720310619
521,mendi,-6.1761,143.6513,64.51,79,100,2.59,PG,1720310620
522,rabo de peixe,37.8,-25.5833,69.31,99,20,4.61,PT,1720310621
523,anloga,5.7947,0.8973,77.56,90,100,13.96,GH,1720310622
524,mugia,43.1041,-9.2179,54.16,74,6,9.42,ES,1720310624
525,portland,45.5234,-122.6762,100.69,22,0,5.75,US,1720310625
526,cidreira,-30.1811,-50.2056,52.83,71,100,7.38,BR,1720310626
527,betio village,1.358,172.9211,78.84,77,100,8.84,KI,1720310627
528,port-vila,-17.7338,168.3219,71.2,78,75,19.57,VU,1720310424
529,guangyuan,32.442,105.823,75.04,99,100,3.0,CN,1720310630
530,howrah,22.5892,88.3103,80.6,94,40,4.61,IN,1720310631
531,daru,-9.0763,143.2092,77.29,87,99,19.39,PG,1720310633
532,new norfolk,-42.7826,147.0587,36.9,73,34,1.7,AU,1720310634
533,laguna,38.421,-121.4238,115.14,20,0,4.61,US,1720310520
534,fort bragg,35.139,-79.006,84.49,79,75,6.91,US,1720310637
535,balsas,-7.5325,-46.0356,80.6,41,56,3.13,BR,1720310638
536,enewetak,11.3474,162.3373,83.62,78,41,15.57,MH,1720310639
537,sao joao da barra,-21.6403,-41.0511,69.89,91,1,4.45,BR,1720310640
538,kayangel,8.0823,134.7173,83.98,74,84,7.23,PW,1720310641
539,aras-asan,8.8908,126.3033,81.37,81,94,3.18,PH,1720310643
540,catemaco,18.4167,-95.1167,80.06,83,94,2.93,MX,1720310644
541,nikolayevsk-on-amure,53.1406,140.73,56.97,96,100,4.18,RU,1720310645
542,roccella ionica,38.322,16.4009,75.67,63,0,4.43,IT,1720310646
543,chernyshevskiy,63.0128,112.4714,67.71,55,100,8.41,RU,1720310647
544,kamina,-8.7386,24.9906,59.09,35,39,2.68,CD,1720310649
545,riviere-du-loup,47.8304,-69.5342,55.67,94,99,4.61,CA,1720310650
546,tejen,37.3834,60.5054,80.94,22,0,7.18,TM,1720310651
547,yung shue wan,22.2333,114.1167,88.68,79,63,5.08,HK,1720310652
548,karachi,24.9056,67.0822,87.62,74,75,13.8,PK,1720310654
549,gaalkacyo,6.7697,47.4308,75.51,66,96,19.95,SO,1720310655
550,djamaa,33.5339,5.9931,93.47,17,28,12.53,DZ,1720310656
551,taltal,-25.4,-70.4833,57.31,83,14,2.64,CL,1720310434
552,santa cruz,-17.8,-63.1667,62.06,44,75,3.44,BO,1720310501
553,aqadyr,48.2553,72.8483,59.68,89,100,6.44,KZ,1720310659
554,totness,5.8833,-56.3167,78.55,87,95,9.53,SR,1720310661
555,punta cardon,11.6581,-70.215,81.99,78,86,29.64,VE,1720310662
556,pandan,14.0453,124.1694,83.82,78,83,3.98,PH,1720310663
557,kittila,67.6647,24.8936,50.14,87,0,5.75,FI,1720310664
558,tshabong,-26.05,22.45,49.73,11,5,14.65,BW,1720310665
559,howard springs,-12.497,131.047,80.87,74,97,8.41,AU,1720310666
560,gimbi,9.1667,35.8333,55.6,99,100,1.9,ET,1720310668
561,nogliki,51.8333,143.1667,58.03,86,100,10.07,RU,1720310669
562,alofi,-19.0595,-169.9187,75.09,78,75,13.8,NU,1720310670
563,plymouth,41.8334,-70.8328,77.09,95,100,9.22,US,1720310671
564,barra de santo antonio,-9.4047,-35.5072,74.48,86,28,14.2,BR,1720310674
565,tocopilla,-22.092,-70.1979,61.56,77,55,9.46,CL,1720310675
566,ouadda,8.0777,22.4007,67.06,90,100,3.98,CF,1720310676
567,i-n-salah,27.1935,2.4607,98.49,11,3,11.23,DZ,1720310677
568,peshkopi,41.685,20.4289,65.26,74,0,3.76,AL,1720310678
569,puerto santa,-8.9906,-78.6456,65.23,87,70,11.92,PE,1720310680
570,qa'en,33.7265,59.1844,69.22,27,0,8.52,IR,1720310681
571,mil'kovo,55.6078,37.7956,62.31,68,3,4.99,RU,1720310682
572,luau,-10.7073,22.2247,56.53,31,2,3.18,AO,1720310683
573,labuan,5.2767,115.2417,77.36,100,20,0.0,MY,1720310686
574,strezhevoy,60.7333,77.5889,56.64,69,1,8.08,RU,1720310643
575,paragominas,-2.9667,-47.4833,75.96,65,18,3.02,BR,1720310688
576,bondowoso,-7.9135,113.8214,75.34,85,98,3.36,ID,1720310689
577,nushki,29.5542,66.0215,78.19,16,0,5.06,PK,1720310690
